,outputvariance,lengthscale,alpha
0,0.4554183519168281,0.5175076268541436,0.4047423266193461
1,0.41759223454091315,0.798373768745347,0.5048063493791811
2,0.5003117929242914,0.7239163296927913,0.38773875220853066
3,0.4088382628331318,0.3231590511476014,0.6041382340142969
4,0.4049017641007713,1.1361517340740546,0.4547406978682813
5,0.36671532041984667,0.8771133737190012,0.41704047084433216
6,0.38067254863600586,0.7438583233892417,0.44339540503523267
7,0.33058017126792233,0.3516745400068027,0.45531231616244044
8,0.4279903780760699,0.8600159848120514,0.4697078230218762
9,0.396660234991315,0.43601601110580596,0.37778803699925523
10,0.43149597955223457,0.7740400501495666,0.4721799707618526
11,0.4557056290021914,0.3249507008050232,0.3813189106715113
12,0.3611325419961887,0.7480688880830938,0.3941945426036533
13,0.49854696826101924,0.46798905942233354,0.4297319922092151
14,0.3482001956132657,0.5701155177445066,0.38211715701864196
15,0.4705431970264822,0.3790288239990063,0.37433175335650454
16,0.5055647851186006,0.8295694947753485,0.41151057885240533
17,0.6419442712831654,0.5800476924598704,0.3082962689483686
18,0.5034330756676284,0.6269196555488501,0.3880957002219068
19,0.5297508175751946,0.38266454490427115,0.4145995823108287
20,0.5258394950587233,0.6866187617102039,0.3752819123858729
21,0.5818499138632458,0.8348404485855945,0.3282101464385573
22,0.4980539006421853,0.9768220610760812,0.34717974971316456
23,0.5828019215879816,0.45153655481428184,0.543167655192861
24,0.5626599243177312,0.5296056250188487,0.4477035482989372
25,0.4085703404788994,0.8870082123875349,0.3276550851018341
26,0.5006757386361607,1.3075566404132155,0.31998817902045806
27,0.5961695287633162,0.40348593938738636,0.5599776265488892
28,0.5196001555196359,0.7461881194565206,0.3901230293721646
29,0.41006902979647547,0.7332643490282039,0.48474080352257154
30,0.5546362376506175,1.1933194678430974,0.33063847115212175
31,0.5404058329167741,0.4239316699773479,0.8741113898814928
32,0.4396075760974452,0.706206580242815,0.35582190510299194
33,0.3621309008275404,0.9394218160325228,0.517848540056056
34,0.46318032452132907,0.5584129701227771,0.3778208604467261
35,0.41125231419894875,0.4839870378440056,0.4526886720164244
36,0.4445178005747954,0.7420659817536449,0.324741769604663
37,0.5945941214861992,0.9074287808583384,0.5132518016765101
38,0.8086537013492214,0.5375468769967373,0.5393348656000447
39,0.4223307929797383,0.49174106076266866,0.44909323799408024
40,0.36136198282355075,0.8031598540828674,0.386952836483654
41,0.567234015274961,0.78378631401919,0.47471137491381193
42,0.699827380790004,0.5194265809791461,0.3807648305384544
43,0.46720424233971203,0.3634039040382798,0.5796824779116205
44,0.34170969531095957,0.8309743063368012,0.38686974583452904
45,0.4383888776670617,0.6164420559545021,0.4258331462528932
46,0.5849531905063823,0.5144436458102915,0.3708857794135963
47,0.5782950449366913,0.3530842524227815,0.5781290814836046
48,0.4154732736264893,0.9055038519929581,0.4282831962273075
49,0.4335906901567359,0.6230183485561686,0.40353121008456755
50,0.34379017346433466,0.6660755217796585,0.456509781686721
51,0.569564864228569,0.5887024038602867,0.5197554017312773
52,0.4713030256600213,0.8350418069300702,0.3151109014543469
53,0.5894008001351927,0.6502444551868296,0.4166458030645147
54,0.33026141291984,0.6357040975704766,0.6065908884359645
55,0.5536090977533584,0.5616512749742226,0.596112276389552
56,0.6981430663131744,1.416625893902515,0.28732104097822403
57,0.5303466678159207,0.6577530315859466,0.39367412545327357
58,0.4313636914242433,0.5723714346806951,1.2305141459298339
59,0.5244348352982079,0.6986933264864027,0.5654728189207647
60,0.567885263925861,1.3638551145933602,0.23464533663675355
61,0.5598720047370299,0.6240172611704756,0.40501032863917874
62,0.5972216126236826,0.6163589225106745,0.3215802473682818
63,0.6322409893771523,0.5972693597162391,0.5118212553528093
64,0.5592061875574492,1.343989519482902,0.22053157768321593
65,0.6671093656820045,0.4564908964896755,0.646531347880219
66,0.3173436961538143,0.8555873025535065,0.7621024607525814
67,0.570430571638221,0.3168855820587628,0.49747590772122435
68,0.6250654768168763,1.3633160045877528,0.24060050472808034
69,0.6004631657465938,0.4422660570234437,0.6164144389949214
70,0.5444034205439534,0.6111286907402542,0.35016329823449244
71,0.4704161619526891,0.3782340864471162,0.34648383549991035
72,0.5799663179259232,0.8052260518391554,0.4312654056033925
73,0.4092819828792811,0.5696294852836198,0.4848876595623102
74,0.5222785670507357,0.7207190758127986,0.39176600776370046
75,0.5850341946844854,0.5960979176459948,0.2944395419884621
76,0.4270479014134374,1.519576317867463,0.36941736791197166
77,0.4651809025651599,0.5536557433164172,0.49475339760869597
78,0.6671252263285399,0.7916818768410986,0.4352681807479436
79,0.5791923414562646,0.6407813006352304,0.30380738770700333
80,0.41096447703501965,1.6645696160865038,0.34604200068651936
81,0.5081636314600654,0.6068221601112772,0.5874277404248825
82,0.5913872041712375,0.7561521086983816,0.2672405964661144
83,0.7151176718612435,0.6845282914894487,0.2975776290131028
84,0.41837464547521036,1.4449736584469737,0.39876797942434106
85,0.5517858770908166,0.4184827522701445,0.6299043063930811
86,0.5711294889740622,0.7086508898099161,0.25511912145478916
87,0.7733105220697765,0.7623488995819505,0.2680427243173576
88,0.4049225915668466,1.4226261981227457,0.34361624969533705
89,0.41821455444375777,0.43227831458430954,0.6490263708575731
90,0.5019183354490022,0.7531523945938896,0.3307844577236493
91,0.5784050076717995,0.8020046267111306,0.2528717207225271
92,0.33072039756902993,0.7595520017902699,0.41022014652915617
93,0.3390050930453454,0.42967676309456154,0.5856037134142075
94,0.5930807090636109,0.8911738585052644,0.3625397936257272
95,0.5533771887856442,0.8241629322277721,0.25291596874340483
96,0.3262061286824019,0.7672643194691778,0.37318502394915554
97,0.5664789856148907,0.5068297485088665,0.51017269080349
98,0.4721984443502412,0.8267851942024547,0.37999953618430776
99,0.7439685483165053,0.9057862894475418,0.27727356615632126
100,0.4665215671944013,0.4958603153315366,0.32330589780315766
101,0.6029259071243631,0.3572290717393449,0.40516449346394967
102,0.3691832663551684,0.612319524652619,0.5903136073414279
103,0.6100626857329845,0.6720055117266903,0.343704309352237
104,0.43769647554872904,0.4882784683821595,0.32541625661777834
105,0.7994137047387886,0.5451707549361987,0.4812852420449162
106,0.5844637487502975,0.7788433398697568,0.38689482022379795
107,0.5573564950839068,0.669755851814974,0.3307613566282138
108,0.6093943003917468,0.5939483458601084,0.38463333742738387
109,0.29225331324182524,0.8485099303945304,0.3992974948623149
110,0.45655991856394773,0.7611901827832259,0.40305928258258444
111,0.3543977600124052,0.6308960929054225,0.28894126190283115
112,0.5900415921435845,0.6391581025168792,0.29209351169841447
113,0.2874125778212698,0.5902780590768734,0.3862665027996315
114,0.7307662730511609,0.8477942344444371,0.3298926642064442
115,0.4316875373045309,0.9894443482070531,0.347750488964118
116,0.5457500010137435,0.6930251185702409,0.30861589130646655
117,0.24310223733495154,0.710014993040273,0.4543544412576339
118,0.5366111315744893,0.7870467072949879,0.4079186454278378
119,0.41394595220288277,0.3283787528626902,0.5720774318923177
120,0.4919634124243538,1.1733454146557816,0.3914347267362153
121,0.2491310100936159,0.7267644606262484,0.4523156638834608
122,0.4129609079446606,0.47389696165280887,0.4915469041580913
123,0.5066013024132976,0.36687180312574136,0.5842732124800557
124,0.5597710988110955,0.47695597618368896,0.3694302993788871
125,0.34082739895664954,0.715020494276224,0.53816984656811
126,0.5452694180733114,0.7568461032815811,0.5080358686030302
127,0.3337866641910272,0.5804540119018822,0.5828428643740604
128,0.43381772723798895,0.5166928230398462,0.3767465008279391
129,0.35743070672426025,0.6488492390712692,0.4807024024204921
130,0.4570808681480286,0.524460892492433,0.4099392031166106
131,0.29099866321127005,0.33537791827402846,0.47957813197506416
132,0.4217628975985059,0.46478207257593424,0.36555827679460917
133,0.35139709938260527,1.4786875278694283,0.5856016027709063
134,0.3918227531626909,0.526385857722486,0.4029489822172405
135,0.5018192150369934,0.506576952397618,0.4612829478235811
136,0.49624707453361183,0.5447346603892375,0.588620176918867
137,0.3656514266109003,1.4482009195615204,0.5839531423790308
138,0.42575076438794063,0.3951614546689283,0.456467996290826
139,0.4459194372145058,0.52394704682246,0.4795223168065216
140,0.49646921570894403,0.5824211003115772,0.38937844801026644
141,0.36605443964753165,1.1381603962830742,0.465469183269351
142,0.2982353929597842,0.3890760831192016,0.46859487039525716
143,0.47582087531732487,0.5525590011821361,0.5717501772735284
144,0.5515160070520495,0.5009361869111268,0.5316711784852988
145,0.2885209119199342,0.8924399766552742,0.3744413940085753
146,0.4792029779987692,0.36090908210127975,0.4974345386943663
147,0.4189647287026531,0.6122966170533151,0.3741038881852253
148,0.4340360504301698,0.6707962704095032,0.42031844460720436
149,0.28227593741854046,0.8032831931486013,0.34612760436287765
150,0.27204971613486445,0.6262805711014612,0.9519347751174017
151,0.5630092236670462,0.6128639585832046,0.3550570017863203
152,0.5894440042132199,0.33289579113559986,0.7680221510860404
153,0.47258133246710604,0.6488882820148861,0.44600054779896375
154,0.2233069160256478,0.7862348399264734,0.7350861029415351
155,0.4092648879010379,0.684828250281255,0.34685306017608253
156,0.2731602975184249,0.40779588073558753,0.36793941310600176
157,0.3635928671541834,0.5730876288554771,0.6118245786442019
158,0.5149963293524894,0.6361986464925178,0.39845024992088857
159,0.3862507801650143,0.6786773653622551,0.35263739318758575
160,0.26404610715197463,0.445913544756263,0.4607125832606711
161,0.37159198799372256,0.8078894987841133,0.621687519894838
162,0.5157056580178464,0.3901829550001717,0.38619315322629805
163,0.3546544953391417,0.8427724303648871,0.40345492230036895
164,0.6839560227450008,0.40014115647840726,0.29681758560115395
165,0.4466374316072487,0.5719942386984155,0.5311732826415378
166,0.6440307157799612,0.8851428169783034,0.3398595872325817
167,0.43848517718450747,1.3660311732055848,0.4481877943245705
168,0.6268516982943064,0.46879598243841547,0.3064597701116012
169,0.6404771200138706,0.549038550898936,0.5377111330537676
170,0.6948549448951603,0.8794436442062842,0.3733085543068592
171,0.4595135124160876,1.5057015295231941,0.47183469516283977
172,0.6014638920295501,0.4545790568956402,0.319429612704965
173,0.39903526141860524,0.48284635255898783,0.50084262784369
174,0.36447777764001105,0.6212488515716661,0.4450504706900362
175,0.4209007995629768,1.478147552060674,0.41752192990804154
176,0.4889118437083478,0.49139243084391493,0.38240745746089794
177,0.479138784265066,0.4935338746792632,0.37888631932185496
178,0.6234540731701559,0.6675999424988468,0.312057657311898
179,0.4569405819309425,0.7565814780621807,0.3296686399688671
180,0.48806239643127713,0.45893816171917784,0.32557870132833994
181,0.43807683863754,0.4830435130850663,0.3504124002696597
182,0.6062781214767116,0.7612626526992179,0.48690432521318344
183,0.5720712129204902,0.8287488150580801,0.4484673365051668
184,0.3414803797535098,0.31025389896147815,0.5339501775338575
185,0.42557728072150397,0.6951805391450564,0.35036560960304786
186,0.6125719020221649,0.5978247689406961,0.47139658053467537
187,0.3806399615601311,1.1905795112491067,0.4348106972593675
188,0.43715559482213934,0.39360606599062214,0.38175636319436856
189,0.4772650299048085,0.7104082315061634,0.38720677773543744
190,0.3543887615459653,0.7176631585657963,0.5645021043543117
191,0.3936929333294351,1.1603983498926922,0.4425914223367331
192,0.6334248433708598,0.4750921853220324,0.41206760128137426
193,0.44216343625259275,0.7808267753080822,0.47656486229384526
194,0.5117402480393107,0.9277106603077362,0.4519942521350091
195,0.3886140387305813,1.518993414451303,0.31161761035445845
196,0.4425616320536744,0.40982866638760374,0.4567141305900652
197,0.442893889335874,0.7363721252826224,0.48233665180338
198,0.5069186505341309,0.8158455503607636,0.4366860709682108
199,0.49497926425783967,1.2701878058917802,0.3676589153834014
200,0.503783117678828,0.5549849507534685,0.3859190900945518
201,0.3742344939671582,0.5827360626257249,0.46263804504626005
202,0.3385274266295057,0.9714919673937591,0.41862960627963236
203,0.5245823591481527,1.3777372431977624,0.35302945284080917
204,0.36863922534411886,0.7209495480114861,0.7235520017741712
205,0.3641871045041185,0.7172784088294156,0.4168643740802864
206,0.25798879299648525,0.6791083081133906,0.5113865300490769
207,0.3129116809461386,1.4370077124697307,0.3336118697074371
208,0.34094394716945525,0.7046664614094197,0.6605244477349586
209,0.34954122708546403,0.6762040976439015,0.4087289636424463
210,0.35064667977292097,0.7612151177499835,0.5926949347256967
211,0.3186890033886479,1.1659085524373023,0.3943423767823812
212,0.35156638387063566,0.6966958390466507,0.6904855996747087
213,0.3674392216349857,0.5878519421896637,0.6591826174272608
214,0.3404935235142751,1.026026248949875,0.7670404372794788
215,0.351118498288505,0.8738969676123898,0.37235325487172627
216,0.2811064460763198,0.6169962460516971,0.7586394559228156
217,0.5229960386951427,0.4659304505461665,0.5274676834970184
218,0.6331094122428578,0.4474559530259588,0.308338226609982
219,0.2777230137996651,0.5087335351845578,0.42374568355554115
220,0.5459435222420004,0.9909157302703547,0.6387579671412558
221,0.3964697242362322,0.42406562810405496,0.7498803740473925
222,0.5169519791999344,0.48187204734555816,0.5163307892984766
223,0.49303572005696467,0.7820882646731653,0.38678312693441064
224,0.5081317391015319,1.0540350168193064,0.6650678556043312
225,0.713682684181123,0.6658148851660161,0.7548565293795075
226,0.3790950286476159,0.5450712331886585,0.6185761103484836
227,0.3196974118806764,0.7632368978244245,0.5448383926333081
228,0.49744970758543827,0.34628645414322706,0.4025081647215734
229,0.4869870557536377,0.5028537894009943,0.4119256094976202
230,0.4137181468881192,0.7353072192343852,0.7169577717623985
231,0.3529093643246973,1.1752046481773644,0.4992514903390026
232,0.4100639099348229,0.5227365165096174,0.5831589438209638
233,0.5640085498130257,0.5745741764577413,0.45912581362739296
234,0.2725502684825207,0.9902119426560675,0.29263163917221
235,0.3284773431237601,1.2141742682727672,0.4890628511612881
236,0.40583506111308565,0.40998554962205047,0.6650263645092036
237,0.43291892319484665,0.4247728409299597,0.43770266775262234
238,0.35082231822413834,0.81731912058056,0.2987330705579479
239,0.35710677422463344,1.3378532658542206,0.5997283778806369
240,0.43483637030964145,0.5100227369057038,0.41125702767475764
241,0.5870198545570001,0.7204683860658169,0.6709265541499515
242,0.4666921650436046,0.7104579946524854,0.479057035022687
243,0.2928769837162768,0.8937018913660489,0.38071986601078783
244,0.605009460531761,0.4720337221827116,0.48434163318193635
245,0.4667942573661393,0.7078788513348079,0.5389168175488899
246,0.4924112920588513,0.8252787717073014,0.4145422936379269
247,0.4236405431053085,0.8124952757939734,0.2873927792369884
248,0.5477291328115006,0.6507600096379325,0.49298023565009574
249,0.5068095496602184,0.6357712725438895,0.49875411099918276
250,0.39873113099675606,0.6199586906507892,0.41236258597417147
251,0.42401912662354374,0.6369328835211987,0.5146857227460347
252,0.35305836115596045,0.6199384321636434,0.5493646846099579
253,0.47431087219970997,0.47426009429943716,0.6286560998345468
254,0.40461745303056923,0.6348243410022759,0.4435192374157921
255,0.4448602285574332,0.4051403151322483,0.4796983457591095
256,0.2712859535459298,0.6157486428107152,0.47278289526638645
257,0.43760264192974796,0.40183314413373405,0.5272927776355589
258,0.5925011695407446,0.9212624029763846,0.4114535764164367
259,0.439845144216425,0.463529041844102,0.5727850882149843
260,0.6523917102804732,0.6379518318240937,0.39145905791498264
261,0.5781209680939101,0.4913807977225137,0.707656387598612
262,0.4759534331620358,1.8303880810389108,0.29977397414251433
263,0.4649220695653496,0.4334273849645905,0.5727357556787488
264,0.4851683291011613,0.5488649335623748,0.5921197169194786
265,0.5330371775954384,0.4633222141814007,0.7447956949380093
266,0.43409481267660727,1.4501657867359248,0.623841388150046
267,0.47875313437173944,0.4613051280786231,0.5028760869654462
268,0.5139990577052352,0.5897461858005385,0.4200115077788016
269,0.5703123233985372,0.4111837304400354,0.7851882785855434
270,0.3940488487218367,1.6970848754267318,0.6164401546808822
271,0.37275703966774604,0.6078851443188408,0.8215933852639093
272,0.4077030067389153,0.846140953877261,0.4229274089176046
273,0.6106904614323838,0.5028365231979078,0.5885290117752436
274,0.5810851256130906,0.5564051561953205,0.3850740999298191
275,0.3170537766327723,0.3738422039987389,1.056913848551575
276,0.5226904641875736,0.8177254352450806,0.24334843512902965
277,0.42176916373754814,0.3270840369885682,0.6180709730925246
278,0.5344576761956827,0.5221695632607791,0.42405151129301477
279,0.49524172548746825,0.42737908336423,0.8476971119715209
280,0.5330304197738805,0.9094498175451433,0.6525994547682217
281,0.4585468856864826,0.30100077008744164,0.5481573909807351
282,0.38452165605317024,0.5947320214620555,0.4451617907304422
283,0.39759233782322095,0.424199587478345,0.8662845310468138
284,0.5293142047410165,0.7225279403120561,0.6801919791585662
285,0.41455032786612084,0.40982339298567544,0.4815757553446141
286,0.5781626880572911,0.6019279468263822,0.5162525108679411
287,0.43089396508619626,0.45078580434327303,0.7583358937357058
288,0.5611337373052665,0.3153123761086568,0.49758340319919586
289,0.4085606083468107,1.2340933265992904,0.5437494125086999
290,0.5481324938611796,0.5091300679240504,0.557893067146575
291,0.5614542048116946,0.5260723530817131,0.6692590014933786
292,0.8645806147777173,0.46715798058652436,0.5509188698140424
293,0.4135458275059355,1.1077355477488613,0.5367229497457416
294,0.4919727066524036,0.42850076849949403,0.48940254783538273
295,0.3358253714701853,0.5058701826017362,0.9250656447520055
296,0.41789558552981476,0.3900885865068076,0.6131771341276679
297,0.3434132702238552,0.963120078511146,0.7129352685892723
298,0.4587979794345475,0.35350090418541125,0.48938877761199373
299,0.32342708352085964,0.7149988678837161,0.5945533224796312
300,0.4112559591575321,0.3988544258825551,0.537461893203224
301,0.3839030784985488,0.6867219185080927,0.5708269517501796
302,0.4711760176725995,0.34780522230027044,0.45030430312333586
303,0.8832601764089154,0.5080744646560742,0.4071710324403585
304,0.2906816094824783,0.5142727474295178,0.5771677716565339
305,0.49952857726874256,0.8493231880199065,0.6261683673362435
306,0.7962663602364951,0.45801086025846544,0.7622381623728742
307,0.522841234823793,0.26732506409012574,0.534392633748396
308,0.40861251773769036,0.5000688342578999,0.9479083177685992
309,0.365393907178028,0.716637097902953,0.6271293398897841
310,0.40998928283604863,0.7790526541660097,0.4909517259906299
311,0.4783023879097676,0.9331670806858132,0.42918924343297266
312,0.5215900955807119,0.4129853373212515,0.5640850306206812
313,0.39141224135289054,0.6159273256385416,0.6818675979790717
314,0.37113020204915687,0.9866234444599595,0.48662586614563225
315,0.4631060940752023,0.9760402936734832,0.42523902399224023
316,0.3931018868216978,0.5541012771170669,0.40989914687943724
317,0.5298737604168232,0.48512164929739626,0.7886878704467553
318,0.3796884244539165,0.760173873551844,0.6035282982244162
319,0.4573594072835009,0.8190904561762375,0.4427318500178376
320,0.5594661999138336,0.4184174815256358,0.4244744845886986
321,0.33113365696214336,0.45262489048307164,0.7355340237841215
322,0.503741427732491,0.6723700299873671,0.6664473605902204
323,0.4640336163672719,0.687401596429873,0.6760920313709411
324,0.5433028532123524,0.4127900902101267,0.4373920107293054
325,0.3635640844383909,0.48324136618858843,0.6399032948030203
326,0.511592934209585,0.7676223359596929,0.5853226686498001
327,0.3883321639619849,0.9374642047256139,0.527823542308628
328,0.5644160875961248,0.35031621337425717,0.40222065902148957
329,0.6771784537749872,0.368682876983478,0.5277764320099666
330,0.347185107318198,0.5351904077249618,0.6430363448853713
331,0.3799277291990716,0.9120452502443885,0.5882368365200938
332,0.6543342875466325,0.3503142655254096,0.3671305584187883
333,0.5979840981974577,0.33474364271572876,0.488644994420071
334,0.43853137987612334,0.6391612970897995,0.6223912344633165
335,0.5214448521308858,0.3784767489064591,0.4495891526106638
336,0.3695353711633809,0.6903325182376489,0.6548748600295954
337,0.4570764068773947,0.26855411897171166,0.5774038915590405
338,0.3235357547252623,0.49012352551266997,0.7626878723391229
339,0.5184369293294069,0.6138151191940162,0.6564842129583679
340,0.38805493743796504,0.46596998561195313,0.41178351576774375
341,0.34837337953129716,0.5306984229393034,0.8167675179398415
342,0.4070307190462101,0.8446317513306101,0.5164238430802589
343,0.3921123213650027,0.3603479115880991,0.4926982880229462
344,0.49158549252822364,0.5986930622719964,0.44718037491772095
345,0.6389211287160247,0.4119827843222896,0.44294776580815043
346,0.49177409345540973,0.5711403661798239,0.5426987531267633
347,0.32746666610707353,0.43350463169624553,0.534106725425906
348,0.6812190052827779,0.9500097063241237,0.2686509846737584
349,0.41363324862776807,0.4992259358059324,0.5555135013811837
350,0.4739244799297432,0.7460134513290857,0.4623395672881976
351,0.32441711994317135,0.5545151211912294,0.5192102634729991
352,0.6928108188905635,0.9301125737609671,0.24690380921263436
353,0.5191165772289903,0.40395881041274107,0.38963325473235394
354,0.4991226579652967,0.666476714379529,0.3900087887479214
355,0.31799988882908037,0.5606148912450312,0.5750326652910595
356,0.6700614817418866,0.6811286577635182,0.2562149738875848
357,0.3446051804694656,1.0296001083712676,0.3554170376307788
358,0.34041801882389905,1.0766443477784844,0.4350363642775328
359,0.44313533375054553,0.36480099344742734,0.5790391440645247
360,0.6328646022991705,0.7356036967617985,0.22363213237289048
361,0.44526382190928115,0.7911212962830743,0.3946644548597374
362,0.5329185916961603,0.5741588789421799,0.3723411153011991
363,0.2327401103535721,0.6453634446965372,0.4190868738784439
364,0.6714217649701605,0.7871758262873658,0.27551172633871396
365,0.4818001786225418,1.0267661553370195,0.25570091219755214
366,0.5301100383902659,0.6127140818932846,0.37201891623712
367,0.3506854008450452,0.602626835414761,0.40073488096798654
368,0.7237604632135158,0.8216363956823204,0.35947465221069597
369,0.7077263178196991,0.8889678238291218,0.3656378669636454
370,0.39267113257270353,0.6869629580675626,0.5001660855738255
371,0.40038441142744446,0.8800373046097697,0.2717277768291662
372,0.4278162071893188,0.6297454671234793,0.38356205515664016
373,0.6116312187157716,0.9120921588224681,0.28695056406444286
374,0.3482238113881053,0.40194933015476475,0.5191687297845055
375,0.326325236590095,0.7647694262233411,0.4097781551594531
376,0.5089920685626877,1.0932039936492897,0.48069126667753925
377,0.2888568083578675,0.8078357369564277,0.6027230714274732
378,0.3298490537350844,0.42077123238603786,0.41600208120809207
379,0.45778960198144186,0.4951694653023833,0.6498199011180313
380,0.48447436414312656,0.8958166806660144,0.4171565609997815
381,0.49945780031099435,0.617738543295027,0.4396438338974611
382,0.42250914246184124,0.4414896257572769,0.46777593620965147
383,0.4508710244514286,0.5040103825153542,0.614250387586197
384,0.40122165077223143,0.6211185311086321,0.42010393066703666
385,0.48976266527305495,0.8487991131024187,0.403148444724377
386,0.5448136778105627,0.6467209318489694,0.3261310444612133
387,0.7169868292191186,0.9144662078754238,0.44551379158429966
388,0.5915943680914652,0.6394534384403235,0.297616581379868
389,0.3135754059434537,0.374296028817561,0.6143355835423936
390,0.8309579962303896,0.8279585492192927,0.3279613377237628
391,0.6634779013514507,0.7757917728937732,0.2850692457560036
392,0.46741531076416964,0.5839110100578248,0.32781785383002826
393,0.3168515759426694,0.425525335255997,0.45014543846173594
394,0.2852005279395151,1.0790242557380754,0.4117280986233564
395,0.5422601079870312,0.4433373299765856,0.521058973529462
396,0.500086258539879,1.0539960140663553,0.542717057068436
397,0.6694388476283056,0.42892614344089247,0.45496094864190456
398,0.35915335670189164,0.7559142283033305,0.41458361128065874
399,0.3246476416324887,0.6288482317898918,0.5405429853885392
400,0.5436560515002944,0.9475247294670338,0.519709323697832
401,0.6534273989273517,0.4364594528887144,0.48576322749159995
402,0.7034947316890949,0.8914162323239394,0.40680474654340415
403,0.4630228083816555,0.31157242338673485,0.4786107211957126
404,0.4978079276312458,0.4393756551907555,0.5996167673174888
405,0.6278109156383286,0.49660585022885595,0.5514119549697396
406,0.5976566736888075,0.5251224305868675,0.44111173436479645
407,0.400517364300379,0.7823318983406687,0.4788078321988611
408,0.3709021803308883,0.6905236213096961,0.42744760530019443
409,0.8163367203007489,0.35040528202732263,0.6261422426976929
410,0.7485739133396829,0.239156587163337,0.3909520797432744
411,0.5327384081343213,0.4570218498809062,0.3343035217432785
412,0.32840846102678034,0.5890685580313039,0.3264147882652059
413,0.437039313989328,0.6342833941392455,0.42886000087750076
414,0.6652542507455275,0.3816751764976753,0.3773471885996044
415,0.3113429996950315,0.7299282631900894,0.35237998371424095
416,0.5390255448764399,0.7074606531044774,0.4219391110784047
417,0.583329717658735,0.5915956835336795,0.6182297876162008
418,0.4216031621244705,0.5118334654328077,0.3545948272673963
419,0.3149918074077442,0.7242274657897181,0.37286325836999135
420,0.38076096564452816,1.273961174216129,0.39659684574546633
421,0.6150493706656522,0.5564489293936884,0.574715126371682
422,0.3758533948479481,0.5536553339355402,0.4123602305101542
423,0.5467951193352819,0.5294537120911252,0.6004078332445327
424,0.506814136911566,0.7215281433695302,0.3162910346360033
425,0.579236063485565,0.47265222839411836,0.49701224063570615
426,0.28928221953069755,0.736290169644971,0.34902072159632486
427,0.6641963868220164,0.3993041322790006,0.40160566991502195
428,0.6198406598004056,0.8661355231705977,0.3648953125001242
429,0.36268632164039627,0.527022070007571,0.7841182079209373
430,0.32865344759109966,0.6200693998859936,0.3306746387534994
431,0.5975843462668039,0.4539170056689895,0.36270807593382604
432,0.5426372327719713,0.9306624945812688,0.40302423375184904
433,0.39718888803788405,0.598156905795069,0.6067875002782874
434,0.3921190150349133,0.9664805219489517,0.6455476325943502
435,0.4929510079878686,0.3914329009848965,0.31499809916895727
436,0.42857678112178044,0.8766742584292891,0.366909762691566
437,0.35110410255881375,0.5813927393441085,0.6898544710859629
438,0.3616102753889309,0.7485770256541997,0.4921373428722383
439,0.6665398930421534,0.36327362174889455,0.27779196162814934
440,0.5347619972494095,0.7200118947591528,0.3506547744681781
441,0.49553213024463827,0.5287047426361611,0.5878693688057148
442,0.44186398264962035,0.6520190624640037,0.5548244643005573
443,0.47756753776689304,0.4089315171067912,0.321685374136379
444,0.4468996398164489,0.6756855653701419,0.40787378339358
445,0.4141961370449803,0.5692298635754018,0.7043133976187057
446,0.6172104329469511,0.7820919389622893,0.23759706702478256
447,0.4367662190501548,0.36443575502792924,0.31796425290046904
448,0.4556506985683628,0.7283529179696364,0.383012319552552
449,0.4415003393812295,0.5477507169167138,0.7461096030199661
450,0.2882705416593229,0.5537345852210437,0.6219374856258558
451,0.4620435424287674,0.4216983578998362,0.32865469840211886
452,0.3006524116172527,0.898364675062601,0.370733764578695
453,0.5539378597440962,0.482037935438623,0.7274895461221916
454,0.5101731261578337,0.8102901241298117,0.3368914488994931
455,0.4688827600101685,0.42171908792561574,0.3445908717778922
456,0.5214974044097571,0.64906908403278,0.3241048325041508
457,0.5153547705518473,0.5147314306708483,0.7124003443498598
458,0.48053814115113885,0.6125777593591673,0.34507273611181305
459,0.4051886525622008,0.34888357077649185,0.3813240967515921
460,0.7056593459874285,0.37184812927602684,0.3348945460744356
461,0.48610350174764944,0.3309432178368481,0.6609618029709573
462,0.39800514573901574,0.49892476454646134,0.44449811607571743
463,0.3197521705761714,1.2364302563346008,0.47082821719202683
464,0.6902854698241817,0.4442495654052251,0.2835996694001241
465,0.422520957885726,0.47918305119054655,0.5010671092493879
466,0.522556259927229,0.7216461465334619,0.47578196843082277
467,0.5390137322755657,0.44228016733933956,0.4414819242050333
468,0.4088189045962981,0.4270787355316327,0.5453376861412993
469,0.7775997696562652,0.681558120735139,0.33831513515038325
470,0.4084186047295939,0.5657137682757367,0.3632700500361797
471,0.4301860789744487,0.6521636546431124,0.3839951326916521
472,0.33201671375123865,0.5705752538811896,0.5666053953506096
473,0.42049806470626117,0.7043128482789248,0.39137003835318906
474,0.6358179244037702,0.6472577214945975,0.31257772285926955
475,0.3825031161851497,0.7535025275032073,0.42329502952133397
476,0.3541660478805649,0.5218677542636176,0.5976245360337391
477,0.49989960181847903,0.6280008855870858,0.5491918135879768
478,0.5848310806029332,0.625536202907499,0.3256028108063123
479,0.4032319352896496,0.6055232040182827,0.39318455126478385
480,0.4105849533577069,0.4819808297401735,0.2984575935934621
481,0.30235001809892775,0.6332563452699662,0.3966646680282093
482,0.5856567399781059,0.6869988478482968,0.3932780289290812
483,0.34383630446274216,0.4351292263327756,0.3387094098204614
484,0.39938333799107983,0.6694068217503605,0.8837894127975651
485,0.30699271675775464,0.49234075905782965,0.44345951884939855
486,0.4631594347154117,0.5333975816530677,0.35474233628869434
487,0.513903288750349,1.1390797797698202,0.3593008882530728
488,0.2582507564831384,0.455174456123461,0.6885643191678571
489,0.4386330262608956,0.7230873675831991,0.3547929692850833
490,0.4992268475258236,0.4097673601184434,0.2938591511177231
491,0.3256128263752467,0.4925749213307058,0.36058246438899827
492,0.7169270713918422,0.7534827720479284,0.34534829863222133
493,0.3657055043695359,0.75136589002701,0.5046353342738134
494,0.4513639043472543,0.45867386314333913,0.36071472101586755
495,0.3871119382776351,0.4769409079982076,0.3070505695791014
496,0.7399055962877379,0.7479460221706568,0.34843174035698266
497,0.5711188001975956,0.6012866575569135,0.5403929710648173
498,0.3809390364881,0.3007093980838727,0.42311954136346147
499,0.4665014926590306,1.1827040896186665,0.4949813348492806
500,0.6298046172450233,0.7033834461303335,0.33814059619471537
501,0.36964193177823484,0.5770839751280172,0.5423749818213148
502,1.012700795614876,0.41449044062030865,0.5878903903281518
503,0.30638969922235826,0.7370474783685328,0.45172848850943575
504,0.5253648224381634,0.6258689439272915,0.3429171758485159
505,0.6319093959659643,0.3774109695987595,0.635555406665129
506,0.5170112067754863,0.5448300824358911,0.542509762790765
507,0.4370950460410586,0.897721989208618,0.5430200660300177
508,0.43885612124709544,0.6543234922118472,0.3883399846043914
509,0.35845101149791236,0.7301606351373134,0.4809966461535361
510,0.56191750988527,0.5768804680819812,0.6011178255464757
511,0.2886434615991059,0.7353363827461602,0.6198540508965239
512,0.3929781407686151,0.6827370033801246,0.3459526267635986
513,0.3762385792753367,0.800809727260731,0.4335696360369516
514,0.5180323409866332,0.4890958279075901,0.6181863853664941
515,0.29677051403104027,0.6363573087453558,0.7296418133332525
516,0.4736740107135984,0.8670854043901485,0.3264300933455031
517,0.35060141949553286,0.7158110379676814,0.5150074419226321
518,0.5725289658714837,0.507976121397483,0.49016660213684554
519,0.31187367889514794,0.5974740415958933,0.7393637970727567
520,0.4183316342468434,0.4846631448967105,0.4562905172534885
521,0.4411426283539193,1.0300472533550729,0.6332026548771619
522,0.5156631417771275,0.5600694121912958,0.4924581177273942
523,0.46920869568870616,0.7351630763545224,0.41891270890797994
524,0.46254429582752965,0.6756420461892257,0.38971354402825253
525,0.4303158823312749,0.7537761359381356,0.28585587087140835
526,0.5993148137270489,0.5997021560211843,0.6122653102261542
527,0.38033002423609247,0.9206570969500039,0.37435761863695477
528,0.4504362208656144,0.7200115029893217,0.3612817401641572
529,0.44834768065890457,0.8177520000073785,0.39973398357900153
530,0.34236186983957523,0.41260336857811386,0.6919364237429312
531,0.5574994044184519,0.5868076490379178,0.3822598298661986
532,0.42090318964699885,0.7527517764516665,0.40233963003610124
533,0.44258421451260516,0.868441379985214,0.33287924375079314
534,0.29806072444349996,0.5527480980136202,0.611604498404886
535,0.40954761806852114,0.5318596716689763,0.35700604509521044
536,0.6021241800685088,0.3414621332537261,0.5057431948996536
537,0.4617462709200321,0.6516543771508198,0.44999141639839707
538,0.29223020380438686,0.6455482720599794,0.6653216970477236
539,0.9400662684438336,0.5516995905727314,0.3665231668576652
540,0.6536167528468727,0.6346516722108644,0.5090432159367334
541,0.4095073525889548,0.4667190719467863,0.7187667102714805
542,0.5607665769388814,0.3930729159416603,1.0382849448553835
543,0.605001103081838,0.31718137848371497,0.4334418481512738
544,0.6566020379529199,0.8897692793346997,0.448761032834392
545,0.6353722529400242,0.6410842169525721,0.5836970199966593
546,0.41977801254199326,0.5051047628086958,0.5957398108894933
547,0.8296645909943323,0.4445081914095581,0.48049333132702415
548,0.4866744785617654,0.6297321125575959,0.5773749759450623
549,0.6567284864903828,0.5183076150148227,0.6019614607026942
550,0.5459213881855592,0.6277403516358611,0.8668870914579071
551,0.561884979429283,0.6719267753734212,0.43221156190965965
552,0.48116656392554163,0.5070531904212442,0.5173881928591653
553,0.6063358513739107,0.5438081388692404,0.5142310140445387
554,0.4075314861459344,0.6207201403278023,1.041739457082038
555,0.5528971905097141,0.526683768820742,0.32302556892949325
556,0.6961894480880783,0.5745484558959085,0.48204230781091123
557,0.6294303390209947,0.5653395403076564,0.470324332746322
558,0.46219631101936437,0.3731686442405355,1.0828728021479561
559,0.6321870974624951,0.4851132838914026,0.3259749201756837
560,0.3327232490353996,0.8201353389949566,0.35754982195526436
561,0.5008206194437901,0.5201259030812133,0.3968277860589672
562,0.6965102623690288,0.4180781598633149,1.277101298118311
563,0.6270052099252851,0.6460276828838916,0.38961382786133664
564,0.21570761824544496,0.6352764741964294,0.4316471700002096
565,0.41671487465132195,0.435894468654828,0.40585790699734714
566,0.35595327563379764,0.48116778804849486,0.6076664285292876
567,0.6499257919068391,0.628040010158029,0.3976377582281315
568,0.2827035549904423,0.6749274134628331,0.4891101233441134
569,0.42367112083739,0.5138096814850379,0.364099859440482
570,0.42879810471295077,0.839856037349389,0.5049516749956601
571,0.7578825274113702,0.5335448346616463,0.3124408458800116
572,0.8662865872537091,0.3812185484060679,0.30821101734118167
573,0.43987096871641496,0.47570887023541564,0.30771744628162206
574,0.4262635127008837,0.6436801392408289,0.5218524604133385
575,0.7203786787177239,0.7139590620292636,0.26128858592937415
576,0.6700368470743396,0.3219958828628161,0.33734134751040323
577,0.41856936364458047,0.41536658252947933,0.29263394833458134
578,0.48504655969036065,0.5417509843495523,0.5750601732987004
579,0.7118884031866586,0.7893613547809896,0.2867630836929409
580,0.5849190257842972,0.48894175819990865,0.384827764468505
581,0.3624487964660617,0.48897676182284655,0.38375364946649854
582,0.37156308795815934,0.47478465983311613,0.7460263515038331
583,0.660351548699336,1.1603198221816169,0.41412002443113827
584,0.40094076546972895,0.6598974961016435,0.6041341635311464
585,0.5803833933428477,0.6620823626387403,0.4117507237739381
586,0.6719945956381701,0.4858386334716755,0.4708153911291133
587,0.4459020344088389,0.79072284150261,0.5601098660381185
588,0.3153154924517444,0.6525608162988542,0.4503867091729336
589,0.7074366559382358,0.7691219848148018,0.4772975987334233
590,0.5630972983502811,0.4310319051687874,0.5105893935373522
591,0.32708782360460426,0.6516908183155337,0.3643879304260171
592,0.33776985286223754,0.6179419104448982,0.5394223958906252
593,0.5093982284700173,0.6984171848946276,0.4160215322243807
594,0.44464555835440006,0.2674053276452512,0.5656981621151981
595,0.4244995990351253,0.5689654525571055,0.4807948628176
596,0.3507681657316455,0.8956245686399151,0.5923749364440151
597,0.4056044117159167,0.635806442179632,0.4990547962846831
598,0.43375397608934496,0.44608454993110785,0.35527806773847276
599,0.45084401140357766,0.6716552723003546,0.4317122985661847
600,0.4770019816724726,0.5839658689492285,0.28275601301069603
601,0.3279849049263824,0.7271135453086267,0.3368456504036455
602,0.5554598005358317,0.8969101921441668,0.3313121302270609
603,0.5768809793500332,0.3629857450764855,0.4966805669239118
604,0.3512512754509406,0.7592448318050591,0.32496307532020213
605,0.35830560257628463,0.6490029935936278,0.42456633730858967
606,0.5587936080425918,1.0355204301527192,0.3202253791359189
607,0.5456869865620234,0.34648638640491936,0.37873133545006454
608,0.49630633104385075,0.6553241274509933,0.4133509092269278
609,0.44986696166160933,0.5377285773111601,0.3668999737342732
610,0.6857859299690666,1.5181672840158584,0.31685062920449797
611,0.5672525234065344,0.37089394722451735,0.4059586941623013
612,0.5482985605925633,0.6553049312581379,0.3801047429350328
613,0.37758293859897996,0.5083104672179742,0.433190550743082
614,0.7441466232325272,1.7412982586647545,0.5085345529321857
615,0.517831812085401,0.35843358419751703,0.38071968439378806
616,0.39144048373715595,0.36646358895495773,1.0936504027037703
617,0.49460726167999497,0.44324585322705373,0.3332524069896574
618,0.38422822160195486,1.761661022423457,0.3855706946579665
619,0.6124277343096536,0.7906636960681688,0.5218239026029139
620,0.24354039605282143,0.9191859997623961,0.7128286662770034
621,0.5198752293530428,0.6376111553238337,0.3508650152656683
622,0.44978973174363523,0.7997056196341463,0.4871902091693939
623,0.3776097067656078,0.5965178385355,0.6493012568685178
624,0.9135965134373125,0.42788163710240884,0.46956436568575627
625,0.332640966345397,0.5863450074062431,0.4738337396247601
626,0.353312126818939,0.6695757018702568,0.36826322921960347
627,0.5499557702309454,0.8145771088724219,0.4593701550131722
628,0.43735412958601266,0.47244263934519065,0.6863392513306467
629,0.3407369393759322,0.5552861417175549,0.3634314150848082
630,0.38122928681481605,0.6272281864562393,0.4004887637629124
631,0.48438935328279115,0.8183689801834821,0.5905199369966633
632,0.5948340508296517,0.45836367309430287,0.43407005356855527
633,0.3439760174411947,0.7519461638423478,0.3346087903328385
634,0.3781659882803947,0.7377961798681606,0.4747191697917659
635,0.38364513725007016,0.3975561020594719,0.46334647100734966
636,0.45103993209656923,0.3542571038791632,0.5686741927343767
637,0.5259436474859274,0.6514109170080763,0.35726103940294845
638,0.44717532968085555,1.0436928421575398,0.5906883411190528
639,0.3653567710182053,0.4235221864340653,0.3725569133575558
640,0.31979728666673185,0.42178497488445665,0.5947415693039436
641,0.47189544802803607,0.863088939719718,0.4183070149823205
642,0.3147648814506382,0.6616181940840152,0.4772877340149858
643,0.4974819702618135,0.2563365612637298,0.31251357362495147
644,0.26387458319870827,0.38389714556544846,0.6503685108006632
645,0.4951913790196845,0.8147837066692987,0.658317054611502
646,0.5067425519342554,0.7076231957079455,0.526319374262953
647,0.46186630319311783,0.502322736496891,0.4041376822723013
648,0.4522575823617378,0.5457466620913409,0.5162166675527213
649,0.46190724851930814,0.7244413765202554,0.581975018128309
650,0.34508612538971034,0.5769517445801668,0.6272270931147529
651,0.4731228828436088,0.4596422355782122,0.39487104175866555
652,0.5084749241079597,0.41462239978791465,0.5937410550741538
653,0.39325831835673536,0.5828731251666661,0.34731090146753546
654,0.6377303011960892,0.5890537047319834,0.4569611925773838
655,0.6946212631830968,0.4492068345024773,0.3431349132546452
656,0.6232952788436779,0.37491210867864055,0.47185565349301833
657,0.5567359606392766,0.4235431675838141,0.43211830175002963
658,0.42976402724885343,0.671513513933594,0.6145511077625903
659,0.4662453426330079,0.511500263726927,0.4464725785204077
660,0.41613389825406527,0.7287109983954254,0.42642366148682126
661,0.5290651630235894,0.6827807658920588,0.5243760310169765
662,0.4054053217004177,0.3588596390595952,0.39192372754728855
663,0.49281902983613585,0.5311682158396683,0.42138014734354934
664,0.2924555836518816,0.7420137873472826,0.5679411704115229
665,0.30365285230390815,0.42233680127523104,0.5220730695986208
666,0.5475711298971618,0.24803736026435477,0.3492657788259656
667,0.47754300699700336,0.6979223391184157,0.4477645154034442
668,0.339381156739216,0.6152710071094996,0.40327183616870194
669,0.29411477413891046,0.40671020918305495,0.5264972991486427
670,0.6261263589357756,0.2169080089285935,0.37923648098617796
671,0.448835412034549,0.48441642810863217,0.4701227323351008
672,0.5882414762828231,0.7933226771107313,0.4146955909591302
673,0.5078503507106334,0.45258095028279505,0.8242523273811825
674,0.4450178075195793,0.3998416544048462,0.2984781095965074
675,0.5506575851257255,0.4683805578502584,0.5839590932000602
676,0.40178690173316517,0.8998500365312692,0.29070367339424813
677,0.3955552160071422,0.7331099731961902,0.6494304735793881
678,0.5766056760976959,0.6141570587761975,0.6520248452269221
679,0.4841409791206309,0.6004865608645094,0.622707951903
680,0.5730372254627328,1.0659645919871754,0.28365891860428466
681,0.4769815472184282,0.7934207309879766,0.7405052077082326
682,0.5471389209455548,0.5873850985295577,0.5397473414425251
683,0.5129280895264872,0.3864499022108905,0.5717681291006642
684,0.5849668116327263,0.8129104563173806,0.43221822342586375
685,0.47602979331189765,0.7245751976942421,0.6240602438675261
686,0.34013644651810393,0.3299834415943056,0.4686625339747939
687,0.632869912156527,0.5219352236786405,0.3848243269398481
688,0.49811469894282845,0.9054821059166954,0.41460890452592486
689,0.32913434986158135,0.6424982870152924,0.44085737820376575
690,0.4438297186205651,0.4685062899261368,0.5889881376246618
691,0.6618208371825742,0.5027156903615082,0.42507652695502957
692,0.49718692338786313,1.0338622747598665,0.49888999001917855
693,0.4912239369241477,0.43371446935615077,0.3517262190415054
694,0.5485526782400743,0.5398708480053239,0.4272735038426424
695,0.4275412228717603,0.6883757332724735,0.323397951654782
696,0.4806041574252361,0.6653280006114979,0.5549052853080896
697,0.5127080810183297,0.43316644817045785,0.3760110059282455
698,0.5160927961246665,0.4724100768700838,0.5840970415939215
699,0.43522388388403305,0.7265785025834625,0.4298530884222877
700,0.292791977526379,0.8157958796531491,0.28173023661469265
701,0.7505354300298112,0.43519706372700606,0.3050074154453504
702,0.7607250892968225,0.42523372089347744,0.41648816783208725
703,0.5039912630654112,0.9337689837816728,0.43490571905348846
704,0.3867141632251875,0.9977901816877289,0.39327553094235573
705,0.7357824362485881,0.8936749013617389,0.34638429513461
706,0.5748175258669009,0.6758673261576889,0.5309387631685832
707,0.4847695518991087,0.735627633908835,0.4906335041982481
708,0.39390631916106744,0.8558445925902074,0.3724591837530146
709,0.7277671464825238,1.003932806152943,0.40426595398706544
710,0.5836150358735426,0.5190964465452526,0.34942793418398943
711,0.4370261994242288,0.7605880131787999,0.5334558770754583
712,0.28279744688462327,0.7960151703050743,0.4106137062029027
713,0.39452823408820503,0.46073621723560415,0.6704072565345917
714,0.4428474197804397,0.6117474874260187,0.46478089489435515
715,0.4276927408511728,0.7646672137488865,0.5570891954535179
716,0.37745239220039073,0.7621221983394629,0.34246484779425096
717,0.41533898578205264,0.45308980891523526,0.7070059774931693
718,0.49383430575730053,0.6323304244459201,0.4806332676777742
719,0.3874385792440888,0.7710434563424838,0.5019909694702567
720,0.7524264334986791,0.6671825632128479,0.4966601902348893
721,0.3612978113156586,0.4858084065015432,0.612243098462448
722,0.41485453524747806,0.49041405298845225,0.619359880960742
723,0.48023289938311053,0.9462052350148568,0.4845365613671583
724,0.6377630737103247,0.6836621995973351,0.3887810684867283
725,0.3422286761415549,0.4942047635519774,0.6210449715519272
726,0.28622761099502636,0.4894982746700647,0.7154991599827746
727,0.4866750385835344,0.46433612519641365,0.47852645030310076
728,0.5158365516684683,0.46609090455318924,0.384375921757336
729,0.35293796242538694,0.5512181543880444,0.735617903201857
730,0.28219539935415916,0.4133769978383122,0.5774240685855284
731,0.41636497968821945,0.5146787927558105,0.5349321402182241
732,0.44667963757151524,0.5430211894816045,0.2926268863897137
733,0.34373252117358716,0.6497183639493802,0.9635083426659182
734,0.451254115338901,0.6840513875336861,0.383337236090882
735,0.4740222838831261,0.5387739631568118,0.523839784122059
736,0.47689283804945226,0.5616985895189989,0.29268010262610766
737,0.6341346031050793,0.39077176614086734,0.54976808203237
738,0.64582386771945,0.6832972356775358,0.45660766602304415
739,0.7700916394627708,0.48011112486542223,0.4792909877721946
740,0.32924317234337225,0.821162742306602,0.595334861877445
741,0.530266177096509,0.49648447081943303,0.4876914281304306
742,0.3643230237280434,0.3561811192290561,0.5915575622767817
743,0.7387781715544001,0.47645382486857535,0.47290034952947635
744,0.3671618092570866,0.833130095662918,0.5588677511712119
745,0.5012166135654871,0.435329393310879,0.5108920421350489
746,0.40606524357268164,0.3212664559344268,0.5785200786292864
747,0.7109335956926378,0.4577660573053985,0.42846919188021426
748,0.42083786650779226,0.8164257950310315,0.5457631805004947
749,0.39789786530687776,0.5869140602878302,0.3109972895186066
750,0.6346479065027738,0.42709443013101334,0.43415963027296955
751,0.43197091148338657,0.5671646961947733,0.3908512381138383
752,0.6333278018537422,0.8308343288734593,0.38201346437215666
753,0.3807258829571323,0.6364802908104963,0.39837238606630293
754,0.33930455032130047,0.6413537377969385,0.4393815217820878
755,1.0311523646811789,0.3650114596711003,0.4433638663716552
756,0.7866024506725976,0.7599096461775041,0.475089071718673
757,0.549657969569673,0.5446847632313817,0.3742909939482469
758,0.6813454580621606,0.7235892454095699,0.40103051206313267
759,0.6105667883371723,0.6676249260023898,0.31983794885684347
760,0.864391496126459,0.6880647277411838,0.4847444424213938
761,0.42245393634808853,0.5156221382715913,0.33491527681838185
762,0.6394410970494878,0.8302088612124402,0.45894603065609707
763,0.5130567784104881,0.5733176080253104,0.3339597205786862
764,0.9384993260646767,0.6880980479823687,0.45638427941478277
765,0.36804117476196746,0.6843240491463778,0.30794767520481436
766,0.4319118280054522,0.5964318090159354,0.5299590797444459
767,0.530088141205865,0.5673258218077851,0.35632477133714885
768,0.8794785927920882,0.651955730606597,0.47220714943775727
769,0.3732318512021844,1.0382372133642639,0.4406382611607567
770,0.46382482918202583,1.4333395983606096,0.2686618813762624
771,1.0461320443018587,0.5294342960371394,0.2719474841754543
772,0.4994585830629834,0.7517706536538968,0.43057972060178257
773,0.36305426109615985,0.7425304231708423,0.5683938902434773
774,0.48643642315590513,1.6110984682326184,0.30560421156952455
775,0.23979648274592305,1.3228527167157158,0.9551092881635499
776,0.5995037926002809,0.3942092181912124,0.6234904255024808
777,0.5033294398134145,0.40737437728884507,0.5324114804785203
778,0.5477229667991768,0.6580976478397302,0.43468247526883763
779,0.23864769294617075,1.5140236427579885,0.8704136109791102
780,0.5180160505561522,0.37592649448891075,0.47969657844886787
781,0.5901871274602494,0.4622781357834148,0.5137845442519535
782,0.559795760061908,0.2919620753111054,0.35025870110300117
783,0.30121081892065776,1.1550308436157848,0.8859986804632043
784,0.6908550545886439,0.41940126159145524,0.4964685056224252
785,0.5869761532499614,0.4629339606344465,0.6131947914922059
786,0.5324282593782101,0.31162480889236194,0.47358880368498707
787,0.461849997981592,0.7396917888615576,0.8606413327492394
788,0.4425343541789955,0.5590188704729405,0.4035720719666066
789,0.7614358933660623,0.6049518137357306,0.426347370903584
790,0.38673660347816124,0.46727927798260144,0.40828419087186707
791,0.34859033719601007,0.5635572198573379,0.5182856290867114
792,0.2678399783931933,0.6323553017313926,0.43497644057307194
793,0.4299494248399771,1.0168236239045925,0.4050059823325774
794,0.40136047396118796,0.5445148434768134,0.44183197633731564
795,0.35116298058135764,0.6054276344024324,0.6845186287824434
796,0.27739489709550513,0.660801655990363,0.4725520042912302
797,0.5298346805763575,1.0702822927276077,0.41605818504635
798,0.45965064576490744,0.5704296007257739,0.507721770275112
799,0.4308714374461805,0.696794705296844,0.7289979052033435
